{
  "study_prefix": "hedge_optuna_v1",
  "storage_path": "sqlite:///db_06_hedge_optuna.sqlite3",
  "trial_count_per_strategy": 120,
  "best_params_by_strategy": {
    "protective_put": {
      "protective_put_floor": -0.03,
      "protective_put_cost_annual": 0.005
    },
    "tail_hedge": {
      "tail_hedge_trigger": -0.05,
      "tail_hedge_slope": 1.0,
      "tail_hedge_cost_annual": 0.004
    },
    "collar": {
      "collar_floor": -0.03,
      "collar_cap": 0.13,
      "collar_cost_annual": 0.007
    }
  },
  "final_validation": [
    {
      "strategy": "protective_put",
      "n_sims": 1000000,
      "success_rate": 1.0,
      "failure_rate": 0.0,
      "median_final_balance": 1300626338.8881547,
      "cagr": 0.15417744050104654,
      "max_drawdown": -0.6059851887060279,
      "volatility": 0.14547815253706373,
      "avg_annual_hedging_drag_estimate": 0.005,
      "contracts_processed": 480000000,
      "activation_rate": 0.24453040416666666,
      "floor_hit_rate": 0.24453040416666666,
      "cap_hit_rate": 0.0,
      "delta_success_rate": 0.08199299999999998,
      "delta_failure_rate": -0.08199299999999998,
      "delta_cagr": 0.11880537103755362,
      "delta_median_final_balance": 1283756649.1314552,
      "delta_max_drawdown": 0.3940148112939721,
      "worth_it_score": 14.556956791442746,
      "recommendation": "worth_it",
      "rank": 1,
      "recommendation_reason": "lower_failure,higher_cagr,premium_cost,active_usage"
    },
    {
      "strategy": "collar",
      "n_sims": 1000000,
      "success_rate": 1.0,
      "failure_rate": 0.0,
      "median_final_balance": 945966848.7293475,
      "cagr": 0.14502683680371486,
      "max_drawdown": -0.6163475228312313,
      "volatility": 0.13889445357594082,
      "avg_annual_hedging_drag_estimate": 0.007,
      "contracts_processed": 480000000,
      "activation_rate": 0.2623670270833333,
      "floor_hit_rate": 0.24451051041666666,
      "cap_hit_rate": 0.017856516666666666,
      "delta_success_rate": 0.08199299999999998,
      "delta_failure_rate": -0.08199299999999998,
      "delta_cagr": 0.10965476734022195,
      "delta_median_final_balance": 929097158.9726479,
      "delta_max_drawdown": 0.3836524771687687,
      "worth_it_score": 14.202451053478704,
      "recommendation": "worth_it",
      "rank": 2,
      "recommendation_reason": "lower_failure,higher_cagr,premium_cost,active_usage"
    },
    {
      "strategy": "tail_hedge",
      "n_sims": 1000000,
      "success_rate": 0.999666,
      "failure_rate": 0.00033399999999994545,
      "median_final_balance": 179609777.2970847,
      "cagr": 0.09844171389203038,
      "max_drawdown": -1.0,
      "volatility": 0.15615585433969717,
      "avg_annual_hedging_drag_estimate": 0.004,
      "contracts_processed": 480000000,
      "activation_rate": 0.14201331875,
      "floor_hit_rate": 0.14201331875,
      "cap_hit_rate": 0.0,
      "delta_success_rate": 0.08165900000000004,
      "delta_failure_rate": -0.08165900000000004,
      "delta_cagr": 0.06306964442853746,
      "delta_median_final_balance": 162740087.54038513,
      "delta_max_drawdown": 0.0,
      "worth_it_score": 5.825584666428065,
      "recommendation": "worth_it",
      "rank": 3,
      "recommendation_reason": "lower_failure,higher_cagr,premium_cost,active_usage"
    },
    {
      "strategy": "none",
      "n_sims": 1000000,
      "success_rate": 0.918007,
      "failure_rate": 0.08199299999999998,
      "median_final_balance": 16869689.756699577,
      "cagr": 0.03537206946349292,
      "max_drawdown": -1.0,
      "volatility": 0.45721098913922376,
      "avg_annual_hedging_drag_estimate": 0.0,
      "contracts_processed": 480000000,
      "activation_rate": 0.0,
      "floor_hit_rate": 0.0,
      "cap_hit_rate": 0.0,
      "delta_success_rate": 0.0,
      "delta_failure_rate": 0.0,
      "delta_cagr": 0.0,
      "delta_median_final_balance": 0.0,
      "delta_max_drawdown": 0.0,
      "worth_it_score": 0.0,
      "recommendation": "borderline",
      "rank": 4,
      "recommendation_reason": "baseline_reference"
    }
  ],
  "robustness_summary": [
    {
      "strategy": "collar",
      "failure_rate_min": 0.0,
      "failure_rate_median": 0.0,
      "failure_rate_max": 0.0,
      "success_rate_min": 1.0,
      "success_rate_median": 1.0,
      "success_rate_max": 1.0,
      "cagr_min": 0.14497022004954863,
      "cagr_median": 0.14498589749813195,
      "cagr_max": 0.14509733831779514,
      "worth_it_score_min": 14.015570617228216,
      "worth_it_score_median": 15.661307785303785,
      "worth_it_score_max": 16.002254157867686
    },
    {
      "strategy": "protective_put",
      "failure_rate_min": 0.0,
      "failure_rate_median": 0.0,
      "failure_rate_max": 0.0,
      "success_rate_min": 1.0,
      "success_rate_median": 1.0,
      "success_rate_max": 1.0,
      "cagr_min": 0.15405903711594915,
      "cagr_median": 0.15414634107697345,
      "cagr_max": 0.15421945015115024,
      "worth_it_score_min": 14.290803696384751,
      "worth_it_score_median": 15.833694194833631,
      "worth_it_score_max": 16.248491096259688
    },
    {
      "strategy": "tail_hedge",
      "failure_rate_min": 0.00014999999999998348,
      "failure_rate_median": 0.00029999999999996696,
      "failure_rate_max": 0.00034999999999996145,
      "success_rate_min": 0.99965,
      "success_rate_median": 0.9997,
      "success_rate_max": 0.99985,
      "cagr_min": 0.09836321866995479,
      "cagr_median": 0.09843685214772813,
      "cagr_max": 0.0985971536195398,
      "worth_it_score_min": 5.737626503895834,
      "worth_it_score_median": 5.811412935307572,
      "worth_it_score_max": 5.974289902647437
    }
  ],
  "robustness_rows": [
    {
      "strategy": "protective_put",
      "n_sims": 20000,
      "success_rate": 1.0,
      "failure_rate": 0.0,
      "median_final_balance": 1296175076.167831,
      "cagr": 0.15407852396741273,
      "max_drawdown": -0.6146489893190235,
      "volatility": 0.14546103807373587,
      "avg_annual_hedging_drag_estimate": 0.005,
      "contracts_processed": 9600000,
      "activation_rate": 0.24433864583333334,
      "floor_hit_rate": 0.24433864583333334,
      "cap_hit_rate": 0.0,
      "delta_success_rate": 0.08045000000000002,
      "delta_failure_rate": -0.08045000000000002,
      "delta_cagr": 0.11878556551768127,
      "delta_median_final_balance": 1279356869.0327091,
      "delta_max_drawdown": 0.38535101068097655,
      "worth_it_score": 14.290803696384751,
      "recommendation": "worth_it",
      "rank": 1,
      "recommendation_reason": "lower_failure,higher_cagr,premium_cost,active_usage",
      "seed": 7
    },
    {
      "strategy": "protective_put",
      "n_sims": 20000,
      "success_rate": 1.0,
      "failure_rate": 0.0,
      "median_final_balance": 1299760033.685364,
      "cagr": 0.1541582152497205,
      "max_drawdown": -0.5392625308740226,
      "volatility": 0.14551417387355858,
      "avg_annual_hedging_drag_estimate": 0.005,
      "contracts_processed": 9600000,
      "activation_rate": 0.24466645833333334,
      "floor_hit_rate": 0.24466645833333334,
      "cap_hit_rate": 0.0,
      "delta_success_rate": 0.08045000000000002,
      "delta_failure_rate": -0.08045000000000002,
      "delta_cagr": 0.11896943847422681,
      "delta_median_final_balance": 1283009390.619747,
      "delta_max_drawdown": 0.46073746912597735,
      "worth_it_score": 15.801290959632952,
      "recommendation": "worth_it",
      "rank": 1,
      "recommendation_reason": "lower_failure,higher_cagr,premium_cost,active_usage",
      "seed": 42
    },
    {
      "strategy": "protective_put",
      "n_sims": 20000,
      "success_rate": 1.0,
      "failure_rate": 0.0,
      "median_final_balance": 1295299917.1270738,
      "cagr": 0.15405903711594915,
      "max_drawdown": -0.5408578008581928,
      "volatility": 0.14547465296322415,
      "avg_annual_hedging_drag_estimate": 0.005,
      "contracts_processed": 9600000,